no,name,phone,grnder ,email,_id
1,???,'0943135647',?,iob1dsu2@test.com,
2,???,'0932838898',?,l53kbr52@test.com,
3,??,'0920896786',?,smblhgtd@test.com,
4,??,'0944485353',?,rgi7nr66@test.com,
5,???,'0998171479',?,7kau0dzl@test.com,
6,???,'0907988046',?,rw5x2zft@test.com,
7,???,'0940369377',?,b3k4ryji@test.com,
8,???,'0987810849',?,v7dvie9h@test.com,
9,???,'0919952668',?,o3xd8nzy@test.com,
10,???,'0934264373',?,e5a1s78n@test.com,
11,???,'0999369372',?,53tqzwja@test.com,
12,???,'0986377755',?,4vmz1bbj@test.com,
13,???,'0982152936',?,gc1xuvg7@test.com,
14,???,'0902625116',?,yeua6rkd@test.com,
15,???,'0983152503',?,fc80d25b@test.com,
16,???,'0957413199',?,6h27th8z@test.com,
17,??,'0903110213',?,a0s4v0o4@test.com,
18,???,'0932600457',?,as0u2zia@test.com,
19,???,'0933460298',?,gnbrxwdp@test.com,
20,???,'0907921792',?,2afxlies@test.com ?,
